{"cameraMode":{"drawMode":0,"name":"Shaded","section":"Shading Mode"},"sceneLighting":false,"audioPlay":false,"sceneViewState":{"showFog":true,"showMaterialUpdate":true,"showSkybox":true,"showFlares":true,"showImageEffects":true,"showParticleSystems":true,"showVisualEffectGraphs":true,"m_FxEnabled":false},"in2DMode":false,"pivot":{"x":15.648542404174805,"y":-5.313449859619141,"z":15.642327308654786},"rotation":{"x":-0.11633771657943726,"y":-0.08304351568222046,"z":0.009655576199293137,"w":-0.9897409677505493},"size":13.188048362731934,"orthographic":true}