{"cameraMode":{"drawMode":0,"name":"Shaded","section":"Shading Mode"},"sceneLighting":true,"audioPlay":false,"sceneViewState":{"showFog":true,"showMaterialUpdate":false,"showSkybox":true,"showFlares":true,"showImageEffects":true,"showParticleSystems":true,"showVisualEffectGraphs":true,"m_FxEnabled":true},"in2DMode":false,"pivot":{"x":4.8894734382629398,"y":0.4670933783054352,"z":-13.858559608459473},"rotation":{"x":0.05181335285305977,"y":-0.2979562282562256,"z":0.016189532354474069,"w":0.9530526399612427},"size":0.8660253882408142,"orthographic":false}